标识,app
5,QQ
2,微信
14,手机淘宝
17,支付宝
18,搜狗输入法
21,360手机助手
22,QQ浏览器
23,墨迹天气
29,腾讯手机管家
27,新浪微博
32,爱奇艺
35,华为云服务
34,平安好医生(医生版）
38,应用宝
41,小米应用商店
42,手机百度
43,华为应用市场
45,MIUI天气
49,WiFi万能钥匙
53,小米游戏中心
54,讯飞输入法
55,UC浏览器
58,360卫士
57,美图秀秀
61,滴滴出行
62,喜马拉雅
63,百度手机助手
69,QQ音乐
71,OPPO软件商店
72,小米视频
78,开心消消乐
79,荔枝FM
80,腾讯视频
81,宝宝树孕育
82,贝贝
83,今日头条
84,华为穿戴
88,百度地图
90,优酷
89,中华万年历
86,汽车之家
93,酷狗音乐
92,QQ空间
95,VIVO应用商店
98,阿凡题
101,腾讯新闻
104,猎豹清理大师
103,百度输入法
102,PopStar!消灭星星(中文版)
105,滴滴车主
114,MIUI音乐
117,快手
119,蜻蜓FM
121,QQ邮箱
122,高德地图
140,凤凰新闻
139,美颜相机
149,Flipboard(中国版)
151,手机天猫
155,百度网盘
156,聚美优品
153,酷我音乐
160,360浏览器
159,暴风影音
164,乐视体育
169,360清理大师
172,唯品会
173,网易新闻
180,搜狐视频
182,芒果TV
183,最美天气
184,京东
186,天气通
189,陌陌
188,搜狐新闻
198,魔秀桌面
197,美拍
200,聚力视频
204,大众点评
207,安卓市场
211,风云直播
215,全民K歌
218,乐视视频
214,相机360
221,米聊
222,饿了么
223,欢乐斗地主
228,百度贴吧
233,蘑菇街
238,360影视大全
235,快报
239,小米商城
236,豌豆荚
241,Keep
245,HDP直播
246,360免费WiFi
252,咪咕灵犀
253,电信营业厅
255,球球大作战
257,安智市场
259,书旗小说
263,触宝电话
264,猎豹安全大师
267,搜狗浏览器
265,掌阅iReader
269,搜狗搜索
272,柚宝宝孕育
274,58同城
277,中国工商银行
275,酷云
279,百度糯米
280,土豆视频
284,天翼WiFi
288,一点资讯
287,PPS影音(X86版本)
292,迅雷
295,凯立德导航
301,沃商店
308,中国天气通
309,in
310,百度视频
311,微锁屏
312,唱吧
316,PP助手
313,网易有道词典
320,QQ阅读
318,腾讯WiFi管家
321,作业帮
322,战旗直播
326,天天爱消除
330,搜狗号码通
331,途牛旅游
335,JJ斗地主
341,违章查询助手
342,91桌面
343,爱读掌阅
344,微店(店长版)
345,金山电池医生
350,微桌面
349,易到用车
353,和通讯录
356,王者荣耀
355,360云盘
359,铁路12306
361,铃声多多
362,触手TV
371,Google 地图
375,网易云音乐
377,千牛
378,妈妈帮
376,新浪新闻
380,潮自拍
383,电视猫
386,钉钉
388,乐商店
389,美柚
394,360桌面
397,搜狗手机助手
396,掌上英雄联盟
402,驾考宝典
403,微车查违章
401,惠锁屏
407,布卡漫画
413,百度音乐
424,闲鱼
425,懒人听书
426,折800
428,中国移动手机营业厅
430,金立软件商店
434,天天酷跑
432,悦动圈跑步
437,秒赚
440,哔哩哔哩动画
435,有信电话
442,虾米音乐
449,货车帮司机
443,ZAKER
450,卷皮折扣
458,内涵段子
460,百度浏览器
457,车来了
456,多米音乐
461,YY
463,随手记
470,快牙
466,柠檬助手
464,微米浏览器
469,天天红包
478,叉叉助手
479,139邮箱
477,91助手
487,小米生活
485,阿里钱盾
490,黄油相机
484,电视家直播
491,沃邮箱
498,快看漫画
502,和地图
507,红包锁屏
508,茄子快传
510,随手电筒
513,我的汤姆猫
512,课程格子
514,hao123上网导航
518,多看阅读
516,掌上链家二手房
519,微信电话本
522,1号店
526,返利网
524,京东阅读
525,大姨妈
531,咪咕阅读
535,189邮箱
536,凤凰视频
540,赶集生活
538,360天气
541,飞信
547,QQ安全中心
546,2345手机助手
550,地铁跑酷
553,追书神器
555,斗鱼
556,多玩我的世界盒子
558,章鱼TV
561,百度宝宝知道
562,七猫精品小说
568,华为商城
567,GO桌面
569,小时光
571,高德导航
573,猎豹浏览器
575,e代驾
577,116114
580,葫芦侠
579,爱听4G
583,4399游戏盒
584,虫虫助手
587,易信
586,我的世界
594,美妆相机
597,浙江移动手机营业厅
601,橙光
602,小伴龙
604,口袋故事
609,欢乐麻将
610,Uber
614,她社区
615,随e行WLAN
616,嘀嗒出行
617,艺龙旅行
620,金山词霸
622,超级课程表
624,印象笔记
625,WiFi连网神器
628,美丽说
630,车轮查违章
635,每日瑜伽
636,猫途鹰
641,零钱夺宝
644,宝宝巴士
645,妈妈网孕育
647,乐动力
653,青柠桌面
658,探探
661,宜搜小说
659,消灭星星2015
664,微会免费电话
666,智联招聘
669,号码百事通
673,拉手团购
674,美人妆
679,小猿搜题
676,淘票票
675,知乎
682,汽车报价大全
684,天翼用户中心
690,听听FM
688,腾讯地图
691,字体管家
689,驾校一点通
693,刷机精灵
695,旺信
701,沪江开心词场
702,小恩爱
710,CIBN高清影视
718,招财狗
721,亲宝宝
725,360省电王
726,苏宁易购
727,携程旅行
729,lbe安全大师
732,儿歌多多
734,搜狗阅读
739,全民飞机大战
738,云视听泰捷
741,蚂蜂窝自由行
743,微云
744,足记
745,我查查
746,影音先锋
751,电池管家
748,宝宝巴士大全
749,九游游戏中心
754,当当
762,纳米盒
765,学霸君
769,央视影音
772,多点
776,Facebook
779,米折特卖
781,爱拍原创
785,百度知道
787,阿里巴巴
794,章鱼输入法
798,糗事百科
801,咕咚
802,豆瓣
804,简书
810,MIX滤镜大师
806,一起作业(学生端)
814,钱宝有票
817,神庙逃亡2
821,百词斩
820,来电
824,9块9包邮购
825,美团外卖
829,汽车报价
834,飞猪
833,百思不得姐
837,风行视频
840,一起沃
841,春雨医生
843,智慧树
846,起点读书
847,和我信
848,金山手机助手
851,抹茶美妆
849,龙珠直播
850,亚马逊
852,应用汇
853,僵尸尖叫
854,echo回声
855,坏男孩
856,秒拍
859,小咖秀
862,爱看4G
865,前程无忧51job
868,纹字锁屏
867,易到用车(司机版)
872,触宝输入法
871,装B神器
875,荔枝TV
873,悟空遥控器
874,有赞微小店
880,ROOT大师
879,咪咕视频(会员版)
888,天天P图
891,魔力视频
895,手机电视
897,微店(买家版)
900,2345手机浏览器
908,咪咕音乐
907,春雨计步器
914,天翼导航
915,乐云记事
916,飞常准
924,宾果消消乐
925,酷我听书
930,正点闹钟
931,PopStar！消灭星星
929,一淘
933,猫眼电影
936,贝瓦儿歌
937,nice
941,奇迹暖暖
944,同程旅游
947,企鹅FM
951,快读小说
952,e代驾(司机端)
959,滴滴打车(司机端)
961,畅读
965,家长通
964,宝宝小厨房-宝宝巴士
966,掌通家园
968,网易邮箱
969,掌上电力
971,磨吧卸除助手
972,多玩饭盒
973,神剪辑
974,咪咕游戏
976,宝宝幼儿园-宝宝巴士
980,QQ输入法
983,考拉FM电台
984,崩坏学园2
989,天天象棋
991,淘粉吧
992,百度阅读
993,部落冲突
994,豆果美食
995,葫芦侠3楼
997,懂球帝
1000,腾讯微博
1001,并读
1006,快图浏览
1007,房天下
1012,云图TV电视直播
1014,大麦
1017,好大夫在线
1016,单机斗地主(开心版)
1019,艾教育
1023,易车
1025,车轮考驾照
1028,安卓壁纸
1030,AcFun
1041,天籁K歌
1040,下厨房
1044,酷派应用商店
1050,多说英语
1058,酷音铃声
1059,高铁管家
1062,Blued
1067,富友收件宝
1068,运满满司机
1072,聚划算
1076,四川麻将
1079,腾讯动漫
1082,人民日报
1083,淘宝手机助手
1081,节奏大师
1085,考研帮
1086,讯飞语音+
1089,保卫萝卜
1092,人人
1096,全民突击
1094,萤石云视频
1097,爱音乐
1100,米赚
1101,安居客
1105,百度翻译
1115,小红唇
1116,英雄联盟LOL掌游宝
1114,饿了么星选
1118,有道云笔记
1121,山东移动
1125,穿衣助手
1123,免费WiFi钥匙
1127,天天飞车
1129,咪咕视频
1131,飞牛网
1137,护眼宝
1145,平安口袋e营销
1147,金山隐私保险箱
1152,天翼阅读
1155,腾讯体育
1154,搜狗地图
1157,世纪佳缘
1161,唔哩
1167,MM商场
1174,口袋书屋
1177,氧气听书
1180,龙珠激斗
1182,妈妈100
1192,图吧导航
1196,爱动漫
1195,相册管家
1201,快手看片
1203,中央天气预报
1204,华住酒店
1217,宝宝巴士-宝宝爱整理
1215,蜜芽
1218,51好工作
1220,百度魔图
1221,二人斗地主
1224,广西移动手机营业厅
1225,海报工厂
1227,广发手机证券
1228,优品惠
1230,宝宝巴士-动物乐园
1234,爱阅读
1232,百度新闻
1231,明星衣橱
1233,神州租车
1238,二手车之家
1243,新浪体育
1246,猿题库
1245,铁友火车票
1249,双色球
1250,亲情模式
1252,识货
1254,快看影视
1266,宝宝巴士-萌宝儿歌大全
1264,神州专车
1267,雷霆战机
1274,网易将军令
1275,闪传
1276,旅行翻译官
1277,会说话的汤姆猫
1278,微家园(家长版)
1283,腾讯桌球
1289,布丁动画
1291,小影
1299,看片神器
1304,交汇点新闻
1307,语记
1310,酷狗手机铃声
1316,漫画岛
1320,酷米客实时公交
1322,ONE·一个
1321,双开助手
1327,LINE
1329,欧朋浏览器
1331,地下城与勇士掌游宝
1333,JJ比赛
1334,葫芦侠我的世界
1337,宝宝巴士-照顾小宝宝
1338,航班管家
1341,快快查汉语字典
1346,生日管家
1350,花粉俱乐部
1351,英语趣配音
1355,什么值得买
1358,配音秀
1360,天涯社区
1363,大同证券
1365,达令全球好货
1372,汽车超人
1373,交通银行
1380,电话手表
1384,航旅纵横
1385,水印相机
1388,虎扑体育
1390,拼多多
1393,快递100
1396,波克棋牌
1398,宝宝巴士-宝宝学数字
1399,一折特卖
1405,他趣
1407,全民TV
1416,WIFI密码查看器
1418,悦跑圈
1419,百度一键root
1421,光大银行手机银行
1422,名片全能王
1428,咪咕动漫
1431,微看点
1432,Youni有你
1437,可可英语
1439,爱壁纸
1440,熊猫看书
1441,掌上道聚城
1445,古诗词典
1446,扇贝单词
1443,91通讯录
1447,婚礼纪
1452,艺龙酒店
1453,真人斗地主2
1455,QQ欢乐升级
1457,360流量卫士
1456,懒人天气
1461,乐蜂网
1468,yohobuy有货
1464,英语流利说
1465,火柴人联盟
1467,每日英语听力
1472,美团开店宝
1476,火影忍者
1479,百度导航
1477,脉脉
1481,360优化大师
1488,妈妈社区
1489,宝宝巴士-宝宝爱吃饭
1490,掌上穿越火线
1492,礼物说
1493,菜鸟裹裹
1499,1药网
1498,保险师
1497,遥控精灵
1502,360隐私保险箱
1504,微博头条
1501,宝宝巴士-宝宝懂礼貌
1506,好豆菜谱
1508,时光相册
1509,猎聘同道
1512,米尔军事
1515,玩图－全能美化
1518,壁纸多多
1522,国美在线
1525,万里通
1526,有赞(商家版)
1527,Instagram
1532,QQ农场
1539,宝贝听听
1546,吉祥棋牌
1545,新概念英语(全四册)
1549,海岛奇兵
1548,军棋
1556,央视新闻
1564,京东到家
1565,115网盘
1566,车主无忧
1568,啪啪游戏厅
1569,应用超市
1571,爱豆IDOL
1572,宝宝学颜色
1576,薄荷
1578,热血传奇(手机版)
1583,网易公开课
1586,口袋故事读读
1587,百姓网
1589,领英
1591,当当云阅读
1594,全民超神
1595,音悦Tai
1597,小红书
1600,58违章查询
1604,WiFi伴侣
1606,手游宝
1607,么么答
1612,百合婚恋
1613,安卓优化大师
1611,熊出没之熊大快跑
1614,有妖气漫画
1617,宝宝巴士-宝宝认工程车
1616,FitTime
1619,学习宝
1620,肯德基
1621,搜狗壁纸
1623,抱抱
1622,丽芙家居
1624,疯狂猜成语
1627,微爱
1628,流量宝
1638,逗拍
1637,知米背单词
1639,宝宝巴士-宝宝出行安全
1640,精品街九块九
1643,就医160
1645,一嗨租车
1646,流流顺
1648,Skype
1650,知乎日报
1652,派派
1660,学生赚
1661,知趣天气
1663,网易考拉海购
1666,1元夺宝
1669,互动作业
1670,BB弹
1674,5sing原创音乐
1675,全能相机
1673,乐视商城
1688,地铁通
1690,3D宝软桌面
1697,追追漫画
1695,中国蓝TV
1698,酷跑超人-奥特曼
1700,来电通
1701,微课掌上通
1702,粉粉日记
1704,微盘
1708,贝聊
1715,天天炫斗
1713,儿歌点点
1716,咪咕影院
1717,优信二手车
1719,我要当学霸
1718,迅雷影音
1722,安卓清理大师
1726,傲游云浏览器
1735,军事头条
1733,肯德基优惠券
1741,口袋购物
1747,美咖相机
1748,Q立方桌面
1746,LOFTER
1750,孕期提醒
1752,娃娃
1759,最美锁屏
1758,lol视频德玛西亚
1767,QQ游戏
1766,微微
1765,号外
1772,1905电影网
1781,KakaoTalk通讯
1778,开眼
1784,手机毒霸
1787,英雄杀
1792,比邻
1793,网易云阅读
1803,果宝三国
1807,登山赛车
1813,宝宝巴士-宝宝行为认知
1814,美图贴贴
1815,点点虫
1824,IS语音
1829,驴妈妈旅游
1827,全国汽车票
1836,万能相机
1840,poco美人相机
1838,孕期伴侣
1841,CIBN微视听
1844,Boss直聘
1845,Anyview阅读
1847,暴走漫画
1850,锁屏精灵
1857,宝宝巴士-宝宝涂鸦
1865,豆瓣阅读
1867,我的世界联机盒子
1871,宝宝巴士-宝宝写数字
1877,博雅斗地主
1875,手心(家长版)
1885,电子画报
1888,爱唱
1890,途虎养车网
1891,新氧美容
1894,海尔优家
1902,火辣健身
1903,西瓜影音
1904,汤圆创作
1905,粉笔公考
1909,速递易
1911,珍爱网
1912,书香云集小说阅读器
1914,跟谁学
1916,典典养车
1917,笑神来了
1921,QQ桌面
1923,Buzz桌面
1924,导航犬
1932,全民夺宝
1930,饿了么(商家版)
1929,路路通
1933,百度高考
1931,EasyTouch
1934,陪我
1937,快的打车
1940,美食杰家常菜谱大全
1944,一淘火眼
1945,宝宝巴士-妙妙爱干净
1948,澎湃新闻
1947,爱奇艺动画屋
1950,优美图
1953,B612咔叽
1952,骑士助手
1956,周末去哪儿
1959,360智能摄像机
1963,360锁屏
1965,瓦力抢红包
1966,优蓓通
1967,宝宝巴士-自己上厕所
1968,宝宝巴士-我是消防员
1971,same
1974,片刻
1976,车主通
1977,口碑
1978,保贝卫士
1981,最美装修
1986,每日一题腰果公务员
1988,捕鱼达人3
1997,顺丰速运
1999,天翼视讯
1998,QT语音
2014,美团外卖(商家版)
2017,快看小说
2019,QQ牧场
2022,唱吧直播间
2026,QQ斗地主
2024,安兔兔评测
2025,小米斗地主
2028,养车宝
2044,即刻
2045,一键ROOT大师
2047,网购潮
2056,MONO
2057,红包WiFi
2059,俄罗斯方块
2062,有缘网
2063,手机云
2070,LINE相机
2072,转转
2073,9158手机视频聊天
2077,会计随身学
2079,疯狂猜成语2
2086,轻加
2085,掌上如家
2091,酷我K歌
2094,我爱汉字
2096,HIGO
2098,爱鲜蜂
2102,全民农场-欢乐集市
2103,天翼生活
2106,穷游
2109,应用酷
2112,美妆心得
2114,微医
2115,足球魔方
2116,柚子街
2118,yoo桌面
2120,彩视
2117,宝宝巴士-宝宝爱卫生
2122,画中画相机
2126,手机电视高清直播
2133,美团
2136,友加
2143,壹钱包
2144,掌上百度
2145,堆糖
2148,萌店
2153,返还购
2156,辣妈帮
2157,健康养生
2162,秀美甲
2161,中关村在线
2160,JJ欢乐斗地主
2167,宝宝巴士-宝宝钓鱼
2179,微信表情大全
2183,YY视听
2184,元贝驾考
2185,火狐浏览器
2200,球探体育比分
2201,金融圈
2204,截屏大师
2208,魔漫相机
2211,叽里呱啦
2219,拼立得
2217,史上最难强迫症游戏
2220,快的司机
2226,过日子
2229,微信锁
2227,爱相机
2234,扇贝新闻
2235,免费电子书
2237,超级指南针
2241,天天果园
2240,钱咖
2245,兼职猫
2244,烧饼修改器
2251,面包猎人
2252,康爱多掌上药店
2256,丰趣海淘
2258,开心水族箱
2261,交易猫
2269,阿里通自由网电话
2267,简拼
2270,盛名时刻表
2272,波克斗地主
2274,拳皇98-终极之战ol
2277,孩子王
2283,汇分享
2286,香哈菜谱
2289,豹子王
2290,约爱
2296,最美壁纸
2294,UTOUU
2304,时光网
2308,凤凰FM
2313,3D播播
2312,沪江小D词典
2319,鳄鱼小顽皮爱洗澡
2320,扫描全能王
2322,通讯录plus
2323,参考消息
2326,Viber
2330,橙牛汽车管家
2331,和彩云
2332,机战王
2335,哆点
2336,索尼商城
2337,手机QQ影音
2339,一米鲜
2343,博雅中国象棋
2348,WIFI精灵
2350,有钱划
2349,不背单词
2357,货车帮货主
2359,禾连健康
2364,优购时尚商城
2366,二维码扫描
2377,炉石传说
2376,恋爱记
2378,洋码头
2381,神偷奶爸小黄人快跑
2386,一号专车
2389,V5音乐
2390,遇见
2395,好孕妈
2396,口袋理财
2399,魔力相册
2409,拍大师
2418,京致衣橱
2423,头条快报
2425,快乐酷宝
2426,中粮我买网
2432,宝宝巴士-宝宝画彩蛋
2433,呼应免费电话
2452,点心省电
2454,图吧彩虹公交
2455,达达
2461,爱城市
2462,肯德基宅急送
2460,8684公交
2466,56视频
2469,漫画人
2473,好奇心日报
2475,捕鱼达人2
2478,钛备份
2480,ZANK
2486,TT语音
2487,学而思
2488,怀孕期妈妈必备
2491,今目标
2493,天气预报
2497,腾讯课堂
2503,秘峰
2500,乐教乐学
2505,柚子相机
2510,网易云课堂
2522,互动吧
2523,扇贝听力
2525,么么哒
2526,华彩人生
2527,图片合成器
2528,蚂蚁短租
2531,有道翻译官
2532,POCO相机
2534,界面新闻
2537,拼好货
2539,丁香医生
2545,速配交友
2546,WiFi畅游
2549,途游斗地主
2548,皮皮影视
2551,零号线外卖
2556,农村淘宝
2559,快乐点点消
2564,家长帮
2571,同城游
2570,Outlook
2575,快约爱
2587,7723游戏盒
2597,MoboPlayer
2598,今日特价
2600,途家
2603,猎豹锁屏大师
2607,QQ通讯录
2609,运满满货主
2612,Feel
2617,巴士壹佰
2618,问药
2619,土巴兔装修
2626,赚一兜
2625,微话
2628,记事本
2630,全民泡泡大战
2632,豆瓣一刻
2633,木瓜影视大全
2640,每日新款
2650,51Talk
2649,会说话的安吉拉
2657,开卷有益
2659,108社区
2662,乐词
2666,美芽
2676,麦乐购
2681,一米工作
2687,豆瓣FM
2695,种子习惯
2691,华数TV
2697,宝宝巴士-宝宝认声音
2702,今日半价
2704,虎扑跑步
2707,宝宝巴士-宝宝学水果
2709,时空猎人
2708,网易火车票
2714,精明购
2717,中文书城
2723,表情工厂
2724,Weico新浪微博
2728,58到家
2733,宝宝巴士-宝宝学形状
2732,斗米
2735,落网
2739,百度魔拍
2742,同城夜约
2745,麻吉宝
2750,万能播放器
2749,超级星饭团
2752,人人车二手车
2754,慕课网
2757,口袋老师
2758,VOA常速英语
2760,酷听听书
2765,九秀美女直播
2763,惠惠购物助手
2768,最美证件照
2770,美丽拍
2772,自如客
2780,我的南京
2781,Fitbit
2782,本来生活
2784,捞月狗
2787,寺库奢侈品
2789,宝宝巴士-宝宝童谣
2804,咸蛋家
2810,好孕帮
2811,58帮帮
2816,东方购物
2817,沃-行讯通
2821,宝宝巴士-宝宝学交通工具
2822,疯狂造人
2820,安卓读书
2823,果壳精选
2827,天天德州
2829,口语100
2830,先锋影音
2838,TED
2840,赢话费斗地主
2847,半糖
2845,PU口袋校园
2848,咪咕善跑
2850,啪啪音乐圈
2853,DJ多多
2854,ME
2862,开迅视频播放器
2869,必应词典
2880,WiFi管家
2882,全民小镇
2887,中央纪委网站
2890,英雄联盟控
2894,豆瓣电影
2896,节操精选
2900,安医生
2901,妈咪知道
2916,知鸟
2918,谷歌音乐播放器
2919,么么直播
2922,加油宝
2924,万达电影
2923,宝宝巴士-宝宝爱刷牙
2935,宝宝巴士-宝宝认家庭成员
2943,动漫之家
2941,雷锋WiFi
2947,得到
2953,喵呜颜文字
2956,迅雷播放器
2961,宝宝巴士-宝宝学蔬菜
2960,小蚁千里眼
2975,K歌达人
2978,Forest
2981,QQ情侣
2986,Booking酒店预订
2990,逆战助手
2993,浙江新闻
2992,4G浏览器
2997,InstaSquare
3000,装修管家
3004,万能影视
3011,扇贝炼句
3014,刷机大师
3020,奇思壁纸
3022,梦幻西游
3026,美食天下
3031,智能公交
3036,国家地理
3047,GO锁屏
3050,暴走日报
3062,Airbnb
3064,好唱
3078,每日优鲜
3084,VPlayer
3089,天天练
3088,大街
3092,扇贝读书
3095,极速安全VPN
3100,MYOTee脸萌
3106,橘子娱乐
3109,美甲帮
3110,多邻国免费学英语
3113,最美应用
3112,维基百科
3126,汽车在线
3128,房多多
3130,巴士管家
3131,八门神器
3140,FV-5专业相机
3144,高考帮
3146,宝宝巴士-宝宝学ABC
3147,好好说
3151,蜂鸟众包
3154,企业QQ
3157,小鸡模拟器
3159,第一财经
3168,图片编辑器
3171,别踩白块儿
3172,胎教盒子
3178,投哪网理财
3192,语音分享SoundCloud
3198,随便走
3209,星图
3212,请吃饭
3215,造梦西游OL
3228,小美快购
3279,赛尔号-雷神崛起酷跑
3286,许鲜
3291,微信读书
3296,一元赚
3304,天天酷跑3D
3309,斗地主
3311,儿童模式
3317,宝宝巴士-宝宝学加法
3327,缘份吧
3330,宝宝巴士-小小船长
3331,熊猫直播
3338,手机电视直播
3337,51offer
3340,百度文库
3345,19楼
3344,小木虫
3351,最右
3352,蜻蜓听书
3363,海词词典
3365,南方周末
3372,快播
3378,酒仙网
3379,iVMS-4500
3385,淘宝联盟
3388,掌上看家
3396,小米小说
3399,爱流量
3400,宝宝巴士-森林动物
3402,果汁四溅
3407,阅读星
3413,铂涛会酒店预订
3419,宝宝巴士-宝宝学日用品
3423,手机安全先锋
3433,青岛公交查询
3434,直播吧
3438,淘必中
3440,漫漫
3446,穿衣搭配
3448,酷FM
3447,新华社
3465,双色球开奖结果
3469,碰碰
3471,环球新军事
3485,360儿童卫士
3483,口袋助理
3496,畅游+
3494,邦购商城
3501,掌厨
3504,百度传课
3508,百度旅游
3513,得意生活
3516,鱼泡泡
3518,熊出没之疯狂弹射
3521,四川移动掌上营业厅
3522,掌中投
3523,电视粉
3529,儿童教育游戏
3528,Wecut
3532,A8体育直播NBA足球
3533,酷酷斗地主
3539,多乐保皇
3537,猪八戒
3545,宝宝巴士-宝宝服装秀
3551,全民枪战
3557,流量助手
3555,狂野飚车8-极速凌云
3559,爱帮公交
3563,韩语翻译官
3571,找你妹2015
3573,辽宁移动
3578,云集微店
3580,宝宝巴士-春夏秋冬
3584,沪江听力酷
3586,全本小说下载器
3589,天天富翁
3597,Max+
3596,老虎地图
3595,Polaris Office
3605,聚来宝
3617,三国杀
3615,虎牙直播
3620,Tumblr
3622,新2048
3623,出国翻译官
3633,马甲线
3635,点心闹钟
3638,BesTV
3642,就医宝预约挂号
3643,闺蜜圈
3646,千寻影视
3650,小度掌柜
3652,小豆苗
3660,正点日历
3670,掌上大学
3671,普通话学习
3672,NVSIP
3675,自测用药
3682,网秦安全
3689,百度糯米商家
3690,WPS Office
3692,慢慢买
3705,宝宝巴士-宝宝涂吧
3713,上海移动掌上营业厅
3721,富聊
3731,智慧树(教师版)
3739,零一I5
3741,卡通农场
3745,秀色美女秀场
3744,卡车之家
3749,新浪邮箱
3755,宝宝巴士-数字123
3760,生活日历
3766,亡灵杀手-夏侯惇
3771,沪江学习
3772,多牛百变方块
3779,语文100分
3785,内蒙古和校园(家长版)
3789,妙健康
3798,美啦
3807,大话西游
3824,中国国航
3832,春秋航空
3839,超级飞侠-飞机跑酷
3841,一亩田找货
3854,纪念碑谷
3856,云之家
3864,汽车违章查询
3867,魅力惠
3873,作文宝
3876,激流快艇2
3877,极简桌面
3881,悠播
3882,车e通
3899,卖座电影
3903,悠悠
3909,读圣经
3913,博雅四人斗地主
3916,陪育100(家长版)
3919,沪江网校
3924,萌宝辅食儿童食谱
3925,新浪博客
3930,微读圣经
3938,按键精灵
3956,全民无双
3958,神庙逃亡 魔境仙踪OZ
3966,普通话测试
3971,阿基米得FM
3988,登山赛车-天朝历险
4001,飞卢小说
4009,炮艇战-3D直升机(正版)
4008,赤兔
4010,360新闻
4018,我的世界助手
4028,熊出没2-萌宠炫飞
4032,六龙争霸3D
4035,国务院
4044,微头条
4042,上海公交
4054,宝宝巴士-宝宝认时钟
4060,美食菜谱
4072,宝宝巴士-熊猫卡丁车
4077,天天夺宝
4074,月来越好
4090,GO天气EX
4091,魔方格
4092,掌通家园园丁
4098,点评管家
4117,12306买火车票
4124,滴滴(企业版)
4121,火柴盒
4123,爱卡汽车
4143,知到
4146,南京掌上公交
4154,天魔幻想
4164,安居客网络经纪人
4177,平安好房
4175,想你
4179,免费小说书城
4180,对啊课堂
4182,用药助手
4193,海尔好空气
4199,太平洋汽车网
4202,宝贝全计划
4205,益动GPS运动记录
4210,梦幻藏宝阁
4209,时光小屋
4216,倒数日
4228,一句心情签名
4252,洋葱数学
4257,学吧课堂
4259,暗影格斗2
4263,电视直播
4269,全民主公-巅峰竞技
4274,男性私人医生
4278,1元云购
4280,ENJOY
4282,车点点
4284,我爱斗地主
4291,违章查询
4294,豆丁书房
4297,玩玩四川麻将
4301,奇悠阅读
4302,少年三国志
4306,逐浪小说
4312,万年历黄历
4313,一生必读的60部名著
4315,抽屉新热榜
4319,海豚浏览器
4323,车轮
4328,巴适公交
4331,火车票
4334,快乐购
4339,开心商店
4340,菠萝饭
4342,HOT男人
4345,欢乐大赢家
4350,CAD快速看图
4352,保卫萝卜-每日一战
4360,拉勾
4366,美篇
4372,CC直播
4375,移动流量管家
4395,躺赚
4397,游谱旅行
4399,空空狐
4411,9块9包邮汇
4421,女性私人医生
4428,全民枪王
4426,58速运
4435,融e购
4443,要出发周边游
4446,深圳航空
4453,必要
4460,小熊油耗
4465,滑雪大冒险
4472,手机公交
4476,呱呱直播
4482,交通在手
4484,驾校一点通科目一
4487,烈火Miao
4501,单身在线
4504,自由之战
4510,微步
4509,加丁妈妈
4513,神武2
4518,钓鱼人-钓鱼之家
4520,想去
4521,个性
4531,格林豪泰
4529,美荔姐妹聊
4538,考拉电子狗
4535,极品时刻表
4545,齐家网
4561,答题王
4571,行者骑行软件
4578,掌证宝
4582,河北交警
4595,南方航空
4602,找对象
4596,儿童拖拖乐游戏
4611,车到加油
4610,卖客疯
4614,火车票达人
4618,喜羊羊快跑
4623,超级用户
4626,拉风锁屏
4631,波罗蜜
4630,班班
4637,浙江联通
4650,hao网址大全
4652,语玩约会交友聊天室
4656,豆腐
4665,NATE应用
4669,微商截图王
4675,搜房帮
4678,追啊
4677,一键换机
4689,彩云天气
4693,可米酷漫画
4695,五子棋大师
4699,儿童学习游戏
4701,迷你飞信
4703,掼蛋
4707,小马试驾
4709,中华老黄历
4714,听歌识曲
4718,猿辅导
4726,美腿瘦腿
4731,Next桌面
4730,宝宝巴士-点点画2
4732,旅法师营地
4738,陆鲸司机
4759,床上社交
4771,窝牛装修
4777,鲜城
4790,暖暖环游世界
4793,口袋梦三国
4799,秀吧视频
4806,约单
4811,魔力盒
4808,超级视频
4807,开心酷跑
4810,闪电购
4813,外勤365
4815,剑网3玲珑密保锁
4819,微录客
4821,太平洋计算机网
4820,懒人相亲
4824,QQ易迅
4829,人脉通
4836,360小说大全
4845,健康之路
4849,布丁生活
4859,猪猪侠向前冲
4870,股吧
4879,乐车邦
4877,花田交友
4901,MELON音乐盛典
4903,一起秀
4908,兜兜公交
4911,杏仁医生
4924,炉石传说掌游宝
4928,开心网
4953,网上厨房
4955,安徽掌上10000
4957,集享卡
4958,找你妹
4967,武汉交警
4966,移动集团号簿
4971,易企秀
4978,银座佳驿
4985,无线苏州
4990,完美钢琴
5005,腾讯微视
5008,头像大师
5012,蓝信
5021,两鲜
5033,猪猪侠百变飞车
5029,福建掌上移动
5034,小Q画笔
5046,掌上宝电话
5056,智慧无锡
5055,好轻
5058,Y2002音乐
5061,拳皇97
5069,丁香园
5071,实惠
5084,糖猫
5083,经络穴位图解
5092,孩子画画
5109,老爸曾是小偷
5106,超亮手电筒
5150,0元购
5153,手工客
5158,啪啪泡泡龙2016
5170,NGA玩家社区
5175,叫叫-讲故事
5180,快递员
5194,乐动舞指
5203,超级wifi
5212,星巴克
5232,玩美相机
5235,猪猪侠爱消除
5231,会说话的狗狗本
5238,PP租车
5246,切水果2
5249,NBA 2K13
5252,超星泛雅
5255,龙卷风收音机
5254,愤怒的小鸟-变形金刚
5256,猜歌王
5268,英语魔方秀
5271,爸爸去哪儿2
5275,WiFi万能连网钥匙
5276,乐嗨秀场
5280,搜库视频
5285,安全守护
5284,住这儿
5287,学信
5293,广东天翼
5297,北美省钱快报
5307,美丽约
5317,雷射战机2015
5321,果冻消消乐
5327,天涯日报
5338,菁优网
5337,钢琴块2
5339,同城游打大A
5343,嗒嗒巴士
5342,达人麻将
5341,户外助手
5349,北京实时公交
5347,我叫MT2
5353,阿里卖家
5363,够级
5364,画江湖
5368,AA小说下载阅读器
5381,豆瓣小组
5385,乐友
5383,翼周边
5394,凡客诚品
5403,百度乐播
5410,汽车之家论坛
5412,平安好车主
5416,更美
5418,保险人
5425,问他作业神器
5428,东北证券大智慧
5429,龙骑帝国
5434,大V店
5456,财经杂志
5459,宝贝故事
5460,全民炸翻天
5468,和生活
5464,有书共读
5478,SC掌上大学
5486,天刀助手
5494,移动行讯通
5495,移动协同
5498,乐Do
5502,一笔画成
5517,看图猜成语
5519,买卖宝商城
5525,热血奥特超人
5532,闪送
5542,宝贝童话儿童故事儿歌
5543,爱屋吉屋
5544,美图聊聊
5551,山航掌尚飞
5563,第一弹-二次元社区
5568,快速问医生
5570,口袋贵金属
5571,口碑商家
5573,化龙巷
5577,铂涛旅行
5581,脑力达人-宠物
5588,标准日本语
5598,全民大消除
5605,口袋德州扑克
5610,品质365商城
5611,高效Todo
5624,呱呱漫画
5628,e城e家
5639,找乐助手
5644,京东众包
5647,沃游戏
5648,看点
5655,斗龙战士3龙印之战
5668,医学时间
5672,消灭糖果
5675,咪咕爱唱
5682,中国幼儿园在线
5685,开心熊宝
5689,IT之家
5690,康康在线
5696,横扫千军
5701,环球时报
5707,超级俱乐部
5708,9块9包邮
5720,欢乐盖大楼
5721,有道口语大师
5725,全民连连消
5730,悦美
5741,彩日历
5743,天天相册
5742,团800
5744,母婴之家
5755,魔力高清影视
5764,作业通
5765,精品手电筒
5770,日语翻译官
5793,蜘蛛纸牌
5798,坐车网
5805,欧路词典
5816,12306汽车票
5818,凯迪社区
5825,央视体育
5829,货拉拉
5839,微拍
5847,盯盯拍
5848,邻趣
5852,云朵护眼
5853,省心英语
5856,西红柿炒蛋
5858,超阅小说
5865,青丘狐传说
5874,水果泡泡龙
5883,亿连驾驶助手
5894,翼校通
5901,邦邦熊
5919,问道
5924,手机电影
5932,中国大学MOOC
5947,百世汇通小件员
5948,天天星连萌
5950,淘股吧
5974,梦想城镇
5978,动感校园
5982,专车(司机版)
5984,王者荣耀掌游宝
5987,美团酒店(商家版)
5997,凹凸租车
6003,寂寞单身约会
6020,马上斗地主
6029,智慧幼教
6034,去吧皮卡丘
6060,孕期宝典
6071,精读圣经
6073,屏幕亮度调节
6079,Aloha
6077,东阿亿信
6076,蜂加
6081,围棋宝典
6083,搜狗公交
6088,刷钱
6105,美团骑手
6107,水果砰砰砰
6110,布丁优惠券
6119,掌上洛克
6123,优课优信
6136,秀壁纸
6144,马上赚钱
6146,篱笆社区
6145,天天直播
6153,曹操专车
6161,全民钓鱼
6178,赶集房产经纪人
6180,山东24小时
6184,爱聊
6186,心理FM
6192,潇湘书院
6191,263云通信
6205,Q房网
6206,福音影视网
6216,QQ炫舞2
6218,全民枪神(春节版)
6225,警视通
6236,三国之刃
6246,图解电影
6255,汽修宝
6263,车行无忧
6278,约会吧
6285,服饰美容
6287,英语四级君
6289,愤怒的小鸟(中文版)
6291,滑雪大冒险2
6292,顺丰优选
6307,恋恋
6309,侠盗猎车手3
6326,火柴人2015
6336,果宝特攻
6355,医口袋
6361,乘车易
6372,回家吃饭
6378,福建交通罚没
6392,学而思网校
6402,同步推
6413,i-Shanghai
6437,和新闻
6435,漂流瓶子
6450,微聚
6462,淘车
6476,火线精英
6473,约爱神器
6485,坦克风云
6503,剑与魔法
6508,割绳子2
6515,59store
6524,财新网
6538,城堡争霸-遗落之境
6547,冰雪奇缘-冰纷乐
6548,屏幕感应锁
6552,掌上青城
6556,杀手之狙击之神
6560,作业盒子中学(学生端)
6586,怪物闹钟
6596,360壁纸
6598,兔小贝儿歌
6600,爱玩MC
6616,YY安全中心
6617,365淘房
6620,百度推广
6626,精品中国象棋
6645,3D终极车神2
6655,喝水时间
6675,听歌学英语
6682,真实赛车3
6692,驯龙战机3D
6696,率土之滨
6699,4G电话
6702,西祠胡同
6717,银泰百货
6734,刷刷手环
6750,到家美食会
6752,天天街机捕鱼
6754,爱宝宝
6766,天天来塔防
6776,知米听力
6775,爱智学
6791,翼健康
6818,战舰帝国-舰队对战
6824,全民爱消除
6829,视频头条
6833,天下游
6834,孕妇孕期必备
6848,主驾驶
6863,熊出没之森林保卫战
6893,半次元
6899,QQ(日本版)
6905,华商头条
6910,考试100
6914,奇迹暖暖掌游宝
6917,太平洋汽车网论坛
6916,1031车主服务
6918,易班
6924,粉笔司考
6929,DJ八音盒
6930,喜购
6963,COK列王的纷争
6972,1元天天抢
6977,钓鱼助手钓友派
6990,网易漫画
6992,白金岛跑得快
6993,叮当快药
6994,十句话
6996,文玩迷
7030,咪咕棋牌
7038,车e族
7039,蒙古八音盒
7050,微在趣闻社
7048,E宠商城
7056,熹妃传
7059,河狸家
7068,乱斗西游2
7069,多听FM
7096,倒班助手
7126,战网手机令牌
7128,天天风之旅
7132,易控
7134,对面
7136,猫团动漫
7137,369出行
7155,钓鱼看漂
7160,飞熊视频
7173,习信
7182,必胜宅急送
7200,巧虎之家
7212,滑板少年
7234,114生活助手
7238,买车达人
7246,微糖
7261,火猫TV
7257,This War of Mine
7270,看客影视
7272,Tango视频电话
7282,天天炫舞
7280,小伴龙儿歌
7278,甘肃移动掌上营业厅
7289,驾驶无忧
7320,数学王国
7319,经典单机麻将
7359,求恋爱
7372,傲世西游
7382,读者
7393,宝驾租车
7397,FT中文网
7399,每日法语听力
7410,e校信
7417,小店
7431,2cu
7435,Ami桌面
7437,奇妙清单
7446,我爱我家
7447,好享购物
7451,有话通网络电话
7464,贵州交警总队自主处罚系统
7478,江西手机报
7480,江苏和教育(教师版)
7510,听中国
7516,吉祥长春麻将
7520,口袋妖怪复刻
7522,车等我
7534,我要自学网
7527,PowerAMP播放器
7539,航海王强者之路
7546,天天格斗
7550,泡泡龙-喵星人来袭
7565,欢乐西游
7562,教育人人通
7578,桔色
7586,橙子VR
7592,厦航E鹭飞
7600,东奥委会计课堂
7601,京东微联
7610,猎趣
7630,铁血军事
7655,猪易通
7662,华海教育
7672,乐天免税店
7696,360行车记录仪
7705,海绵宝宝大冒险
7708,移动练歌房
7715,亲宝儿歌
7714,格力掌上通
7741,育儿指南
7752,常州掌上公交
7758,11st
7766,无尽之战
7769,院线通电影票
7808,坦克前线-帝国OL
7810,盒子鱼英语
7815,开心三张
7828,手机凤凰网
7830,恋舞OL
7834,迪信通
7840,畅途汽车票
7850,小学同步课堂
7866,模拟人生
7881,跑酷老奶奶
7897,说说
7922,经期助手
7952,青团生活
7956,遇爱
7979,一听音乐
7980,好乐买
7983,植物大战僵尸2-宝开
7986,高考倒计时
7994,消灭星星5
7998,冲关泡泡龙
8005,赶集叮咚
8007,GPS工具箱
8019,3D桌球
8035,华图公务员网校
8047,胜利足球
8063,IOS7指南针
8066,QQ麻将
8072,豆瓣东西
8073,反恐精英CMSWAT
8081,HelloTalk
8082,彩之云
8091,寻医问药
8099,博雅四川棋牌
8101,阿里通信
8109,券妈妈优惠券
8114,和小宝
8112,静读天下
8120,玫琳凯之窗
8128,奔跑吧兄弟
8134,郑多燕健身操视频
8153,Steam
8154,酷讯机票
8165,NetCam
8169,趣医院
8174,地震速报
8180,后宫甄嬛传
8192,汽车大师
8196,烟台公交
8202,高考蜂背
8206,陌游
8217,五子连珠
8229,消灭水果
8231,僵尸前线3D
8233,快乐捕鱼
8240,私蜜搭
8245,中搜搜悦
8250,药膳食疗
8252,被窝声次元
8276,比亚迪云服务
8285,开心农场-糖果节
8288,驾考宝典-科目一
8296,猫和老鼠
8305,麦当劳优惠券
8321,金游掼蛋
8330,广场舞视频
8349,百度医生
8358,微差事
8366,幸福绿城
8395,一起玩陶艺
8400,我在找你
8409,饭店物语
8422,坦克前线帝国
8449,学车宝典
8463,CCTV微视
8470,Wifi 分析仪
8477,柏拉图
8478,虎嗅
8483,途强汽车在线
8494,装修图库
8497,永安行
8511,TeamViewer远程控制
8534,陌陌熊熊消
8530,消消乐(官方正版)
8536,读点历史
8539,缘分
8548,车友头条
8580,捕鱼之海底捞
8606,会计从业万题库
8617,易果生鲜
8623,CNTV奥运直播
8645,狙击行动3D-代号猎鹰
8652,1010!
8660,快读全本小说
8674,愤怒的老奶奶跑酷
8673,烧饼加速器
8683,跳跃忍者
8684,新东方在线
8700,爱掼蛋
8705,知性
8713,鳄鱼小顽皮爱洗澡2
8714,大头儿子大冒险
8734,宁夏移动手机流量管家
8744,畅网
8759,房多多经纪人-新房
8760,房贷计算器
8789,城市通
8794,中华英才网
8795,掌上药店
8824,水果连连看3
8826,BestMe自拍相机
8829,抢车位
8836,摩擦
8855,Pinterest
8869,部落探险
8879,铠甲勇士之英雄传说
8882,巨炮战队
8894,小鱼网
8905,解放军报
8914,i车商
8937,必胜客
8939,长安知音伙伴
8949,电报
8943,保皇
8953,炫舞小灵通
8971,肯德基麦当劳优惠券
8979,一起走
8982,健身宝典
8993,每日德语听力
9004,3D狂野飞车
9006,全能工具箱
9024,新大话西游2
9023,CF视频站
9022,快乐飞行棋
9028,kds宽带山
9046,正宗四川麻将
9074,139出行
9107,Hello语音交友
9132,青岛新闻网
9130,花千骨
9156,天龙八部3D-万代宗师
9157,大连打滚子
9168,永辉生活
9184,36氪
9196,法语助手
9207,小猪短租
9213,英语四级听力
9216,店长直聘
9228,艾诺迪亚4
9236,土豪炸翻天
9244,奇幻射击
9289,画吧
9320,小米违章查询
9323,安吉星
9330,全民水浒
9340,七彩祖玛2
9341,暖暖的换装物语
9353,随身乐队
9356,欢乐五子棋
9360,360搜索
9369,淘宝全球
9372,手机号定位
9381,上海地铁
9404,爱青岛
9418,味库
9428,汉英字典
9461,英语四级词汇
9462,春秋旅游
9459,数字尾巴
9458,矿车大逃亡
9466,开心泡泡鼠
9497,赶集工作通
9500,意林
9515,欢乐围棋
9524,在柳州
9617,kc电话
9637,七雄争霸
9640,生化危机4
9663,最强大脑2
9700,万能WiFi
9716,单机消星星
9714,野糖
9754,英语口语听说练
9767,鲜果
9771,蛮便宜
9801,魔发相机
9806,看看新闻
9817,附近寻爱
9826,快乐家
9835,exlive手机查车
9850,淘宝阅读
9851,观察者
9852,水滴宝宝
9857,多彩铃声
9856,虚荣
9910,pixiv
9924,生活有意思
9957,秘密
9961,BAND交友
9982,德语助手
9990,免费小说
10003,嘉米麻将
10037,小小军团
10046,音乐雷达Doreso
10057,GBA模拟器 My Boy!
10058,疯狂来往
10066,决战黄金鲨
10067,273二手车
10091,百度安全中心
10094,正常的大冒险
10110,爱课程
10115,百川考试
10127,红蓝大作战2
10131,爱淘宝
10153,我秀娱乐直播
10157,小小指挥官2
10161,驾考模拟3D
10169,打工圈
10174,蜂鸟摄影
10173,京东咚咚(商家版)
10178,网易BoBo
10187,沃阅读
10191,战争总动员
10234,人民新闻
10245,暴力摩托
10247,超凡蜘蛛侠2
10252,美囤妈妈
10269,新车评
10278,安徽资讯
10284,车行168
10290,FM电台收音机
10301,海南航空
10313,维也纳酒店
10312,狗仔直播
10327,九龙战
10348,有道四六级
10350,教师资格证随身学
10364,V2智能
10372,万表
10379,三国群英传一
10390,乖离性百万阿瑟王
10435,单机拖拉机升级
10443,随手写
10452,微乐
10460,口袋英雄
10469,史上最牛的游戏2
10479,米拉奇战记
10511,敢聊
10526,携程企业商旅
10533,南通长牌
10539,爱买车
10543,传阅
10545,疯狂英语听力
10550,CCTV5
10553,乐动时代
10578,珍品网
10646,世界征服者3
10649,燃烧的蔬菜2
10650,跟我学写汉字
10667,北京赛车
10686,视频铃声多多
10716,seetong
10739,腾讯路宝
10754,我叫MT
10765,糖果大爆炸
10789,宝宝讲故事
10794,初中英语助手
10824,乐乐作文
10844,高考必备
10859,宝宝睡前故事大全
10892,疯狂捕鱼3
10897,儿童宝宝-学画画
10905,暴击僵尸
10948,神魔2.0
10961,学车不
10962,放开那三国
10973,杀手2-影子阴谋
10980,淘在路上社区
10984,秦时明月
10988,加密日记本
11002,猪猪侠之百变联盟
11007,V电影
11017,微兼职
11029,汉语词典
11033,育儿网
11051,料理妈妈
11052,掌上公交
11054,DOTA视频站
11088,密室逃亡
11089,智友
11113,帝国塔防2
11134,海蜜
11141,3D暴力摩托2
11157,亲宝儿歌50首
11172,快听小说
11185,明星斗地主
11196,会计从业资格考试
11206,勇者大冒险
11218,找你妹2
11221,骑记
11223,好车无忧
11230,无忧乐行
11231,NAVER词典
11253,快说语音助手
11265,全民奇迹
11268,学堂在线
11271,功夫熊猫3
11285,红色警报2共和国崛起
11297,挖坑
11306,KMPlayer
11345,百度桌面
11362,终极指南针
11386,万能视频播放器-TwoCows
11392,Flash Light
11391,四川航空
11489,水晶DJ网
11510,天天背单词
11517,永乐票务
11545,咪咕直播
11549,翼聊
11574,贵阳麻将-抓鸡
11606,南通掌上公交
11617,同一个世界
11645,宜停车
11703,儿童拼图
11716,BBC六分钟英语
11730,3D坦克争霸
11788,爱真心婚恋
11795,智能备忘录
11797,微问诊
11826,智器阅读
11846,赶集懒人找房
11854,看房
11847,桔子写作
11870,燃烧的蔬菜(季节版)
11885,掌上好房通
11942,玩电影
11945,西红柿土豆
11993,真实武器模拟器
11994,安利播库
12018,今日聚超值
12019,觅食
12029,晴天小狗
12087,在行
12093,北京地铁
12101,跑得快
12107,老黄历
12127,演唱汇K歌神器
12130,Box网盘
12133,么么嗖
12145,小鸟爆破
12152,燃烧的蔬菜3
12164,酷6视频
12173,别踩白块儿4
12177,口袋动物园
12181,东家
12187,口袋兼职
12188,城堡突袭2
12215,我的安吉拉
12218,剑灵掌游宝
12229,儿童游戏幼儿园
12238,虹领巾
12237,WiFi测速
12253,3D终极车神
12293,有点意思
12312,古诗词分类赏析
12319,随身风暴英雄
12351,台球帝国
12353,狂斩三国2
12366,别踩白块儿6
12373,网易云相册
12388,行车卫士
12403,单机忍者切水果
12416,潮爆三国
12426,疯狂麻将
12431,爽哥英语
12429,超级玛丽酷跑
12457,WiFi共享精灵
12499,尚品
12509,波波网
12507,车易拍
12512,搜狐汽车
12514,轻轻家教
12517,3D暴力摩托
12579,空当接龙
12588,征途
12589,优酷电视助手
12642,备孕助手
12686,全明星探
12704,拇指玩
12732,祖玛传奇
12736,8684地铁
12746,作业神器
12756,模拟山羊
12759,Q友乐园
12791,时间表
12798,干瞪眼
12824,军棋翻翻棋
12831,同城约会吧
12834,P2PWIFICAM
12857,畅读书城
12866,波奇宠物
12868,手机人民网
12914,极品飞车17-最高通缉
12954,惠买车
12960,儿童宝宝-数字游戏
12961,脑筋急转弯
12973,FM手机收音机
12979,问医生
13010,思维简图
13081,心声社区
13099,疯狂填字
13112,安兔兔验机
13128,体育疯
13129,多玩游戏论坛
13143,街机麻将合集之龙虎争霸
13169,爱奇艺啪啪奇
13173,卡五星
13172,二维码与条形码
13185,快乐斗地主
13203,优衣库
13253,Quickoffice移动办公
13260,西班牙语助手
13278,饭团-exo
13315,3D霹雳飞车
13347,内涵社
13372,孕妇宝典
13392,66
13506,魔灵召唤- 天空之役
13559,神雕侠侣
13593,最强王者
13615,吃货大食堂
13640,忍者突袭
13659,我爱台球
13683,合战忍者村
13694,玩咖运动
13748,邮乐网
13754,和教育
13769,云呼自由网电话
13775,车一百考驾照
13793,iTVB
13795,漫威-未来之战
13887,汽车报价宝典
13886,两性私人医生
13915,天天跑酷
13920,汉邦一点通
13939,三联生活周刊
13945,金山背单词
13962,小猪巴士
13964,掌上咖啡厅
13987,伴车星
13991,基础韩语口语
13998,悟空拼音
14066,车牛
14084,十万个冷笑话
14116,ETC车宝
14161,高中英语助手
14183,花瓣
14211,中国好声音官方手游-全民偶像
14214,真人麻将
14216,有道语文达人
14220,英语六级听力
14246,战警-坦克游戏
14354,智天使
14370,JJ德州扑克
14392,句子迷
14398,新浪微盾
14416,横扫西游
14417,忘忧围棋
14458,奔跑吧兄弟-我是车神
14478,大润发
14596,疯狂猜歌
14595,驾校宝典
14601,1折包邮
14619,战警-大国崛起
14622,百家讲坛全集
14682,圣经
14688,宝龙广场
14732,成人零基础学英语
14731,MBA智库百科
14743,联通实名制
14776,点易通手机网络电话
14781,掌上金鹰
14784,中国好铃声
14841,高中知识点大全
14860,怪物的世界
14899,魂斗罗进化革命
14929,每日一练
14972,蝉游记
15023,工程师爸爸儿童桌面
15068,真实滑板
15087,3M捕鱼
15097,一呆公寓
15143,厕所大冒险
15154,加强型计算器
15180,疯狂喷气机
15198,开心泡泡龙
15196,Wifi密码查看
15209,智慧教育(家长端)
15229,常熟零距离
15232,九块九包邮
15276,轻轻老师
15285,长途汽车票
15308,优信拍
15329,壁虎资料恢复
15348,我的世界合成表
15353,无尽之剑命运
15377,丰巢管家
15387,证券从业万题库
15433,彩色手电筒
15436,My0511
15519,保卫萝卜3
15574,南方Plus
15596,傲游哈哈
15679,边锋斗地主
15771,建筑移动课堂
15878,天天斗三国
15879,词管家
15891,掌上猫扑
15895,临床指南
15894,易趣eBay
15898,360防蹭网
15909,失落之城
15927,手机乐园
15930,儿童宝宝-早教乐园
15950,苏宁红孩子母婴商城
15955,农场英雄传奇
16029,你画我猜
16065,地狱边境
16109,素描大师
16157,车300二手车
16192,开心捕鱼
16217,宝贝格子
16294,摩托竞技3D
16314,全球广播电台
16351,空间小窝
16389,冰川时代大冒险
16415,儿童游戏乐园
16440,良仓
16453,蘑菇租房
16490,医脉通
16503,上海公积金
16582,快查条形码比价
16620,手机管家
16647,妙生活
16693,雷霆X战机2
16709,竞技摩托
16722,去动
16727,美菜商城
16766,切水果消消乐
16937,中国搜索
16998,现代战争4
17038,优悦会
17068,单机急转弯游戏
17093,有道学堂
17199,MDict
17229,精英部队
17237,天涯论坛
17251,京东夺宝
17261,格瓦拉
17278,8球台球
17307,掌心牛牛
17374,网易博客
17424,沃尔玛
17455,完美刀塔助手
17486,词酷
17559,网易严选
17576,省钱电话
17593,手机新商盟
17620,捣蛋猪
17628,魅淘
17629,房牛加
17634,涂书笔记
17655,我的明星女友
17664,阿里健康
17744,火车时刻表
17765,我查查二维码
17770,消灭星星3-糖果宝贝
17769,妈妈好
17863,宫爆-老奶奶家族篇2
17869,英语音标
17909,友宝在线
17947,天天育儿
18006,查周边-语音生活导航
18145,又一个案子解决了
18156,Fate/GO
18158,宝宝学拼音汉字和识字
18160,搜狐购房助手
18181,乐讯手机高手
18216,王国保卫战-起源
18318,每日经济新闻
18323,公务员考试题库
18368,开心糖果消消乐
18431,疯狂猜图
18455,网易游戏
18660,火线指令之诺曼底
18678,Agoda安可达
18713,魔考大师
18725,Tipix
18823,中药大全
18888,沙发旅行
18900,小米wifi
18942,小蚁运动相机
18989,神庙逃亡-勇敢传说
19041,企查查
19042,麦当劳麦乐送
19051,豆瓣广播
19053,度秘
19135,永恒战士2
19136,中国地图
19143,超决战！奥特曼银河传说
19174,P图神器
19301,倚天屠龙记
19364,基础英语口语
19380,郑州公交查询
19455,阿达脑训练
19508,学英语
19524,文件管理器
19572,车享宝
19608,tataUFO
19651,蜜恋交友
19664,GO输入法
19702,汉字转拼音
19729,UU跑腿
19801,宝宝起名取名字大全
19833,晴天小猫
19991,临时同居
20244,新仙剑奇侠传
20250,YouTube下载器
20253,国际象棋
20280,365汽车票
20304,速普母婴
20435,要塞围城
20497,图片编辑工具
20562,UC头条
20565,长虹智控
20589,深圳地铁
20626,应试宝
20639,宝石仙境-天天消宝石
20658,疯狂的麦咭
20672,愤怒的小鸟-春节狂欢
20699,大富翁4Fun-圣诞狂欢
20999,抓玩具
21066,微音乐
21147,照片编辑器
21244,天翼电话本
21381,手机青客
21453,迷你世界
21558,广州地铁
21638,房多多经纪人-二手房
21661,捕鱼达人土豪金
21727,新概念英语听力
21767,涂鸦跳跃
22229,Snow相机
22379,七彩祖玛
22534,WiFi万能密码
22588,会说话的圣诞老人
22904,TED英语演讲
23404,TED公开课
23416,随遇
23520,央视悦动
23692,安居客好租
23738,天天聊
23987,电驴大全
24007,模拟极限飞行
24049,VOA每日英语
24307,山羊大碰撞
24555,永不言弃!!
24669,GPS导航
25038,大书法家
25149,自在客
25265,英魂之刃
25484,3158创业宝
25505,口袋拉力赛
25540,吉他调音器
25878,优学院
25937,混沌与秩序-英雄战歌
25945,甜甜萌物语
25961,外研社-现代英汉汉英词典
26104,FlashAir
26163,无线新闻
26300,宁波无线公交
26541,淘宝热卖
26857,Tinder
26871,嗨秀秀场
26909,家常菜菜谱
26923,单身交友
27109,Spotify
27157,极速摩托
27190,无线城市
27314,中文指南针
27321,机锋市场
27394,安运驾驶员自助
27488,8684火车
27689,刘备磕头
27738,LavaRadio
27944,依依短租
28376,快方送药
28438,耀莱成龙国际影城
28451,梦幻足球联盟
28702,驾照宝典
28713,中国联航
28816,韩国地铁
28883,客栈通
28891,讲个笑话
29013,CPU-Z
29222,MR魔法英雄
29325,好屋合伙人
29408,全网通
29743,汉语字典
30245,几何冲刺
30965,Naver音乐播放器
31061,维汉学习通
31184,Twitch
31270,向量跑酷
31388,英语电台
31412,木鸟短租
31870,每日必听英语
31989,往返
32007,川菜菜谱大全
32061,蠢蠢的死法
32790,腕表之家
32903,全民篮球
33011,事业单位题库
33376,暗黑黎明
33454,高校邦
33824,熊猫泡泡
34210,9GAG
34794,日语单词天天记
35015,基础日语口语
35197,吉祥航空
36397,录音达人
36660,去哪儿酒店
36770,全民斗战神
36812,新概念英语(图文版全四册)
37145,租租车
37182,倩女幽魂
37240,一度用车
37318,儿童食谱
37431,悟空租车
38117,亚洲航空
39041,游天下
39985,UUCall网络电话
40299,PlayerPro
40620,罪恶都市
41355,车置宝(车商版)
43078,天眼查
43259,沃门户
43954,锦江礼享
44431,口袋乐居
46469,天天抢礼包
48175,FC2 Video
48446,条形码扫描仪
48779,安居客新房
50401,LiveScore
51608,GO短信
56260,爱奇艺VR
57198,北京时间
59446,2345天气王
61032,平安好医生
62794,百果园
62932,TutorABC
68069,Google 拼音输入法
70184,爱回收
72036,途歌
79846,Indeed找工作
87908,盼达用车
88796,塔读文学
93606,新剑侠情缘
93611,企鹅直播
94109,米途订酒店
95381,Yelp
95423,接龙
97414,mudah.my
97494,APUS
97876,弹弹岛2
100162,火柴人足球2014
100175,Adobe Flash Player
100211,滚动的天空
100250,17173游戏
100249,眼蜜
100272,异形大战铁血战士-进化(完美版)
100323,全球速卖通
100338,御剑情缘
100470,坦克1990
100478,火线指令- 诺曼底
100486,JJ麻将
100552,天天打波利
100591,CAD派客云图
100695,草莓公主甜心跑酷
100697,来疯直播秀
100698,Aviary相片编辑器
100724,丧尸之战
100760,Badoo
100778,巅峰战舰
100795,水果忍者
100900,易直播
101046,QQ同步助手
101174,imo社交软件 imo beta
101178,疯狂出租车-都市狂飙
101229,圣斗士星矢-重生
101293,北京交警
101422,Hello Kitty咖啡馆
101513,Google 地球
101540,Adobe AIR
101594,孤岛求生
101641,U +盒
101756,猎鹿人2014
101867,拖拉机 升级
101892,Pixlr
101973,使命召唤-突击队
102059,掌上王者荣耀
102096,OfficeSuite
102286,Google Play Magazines
102541,蜗牛睡眠
102710,柚柚育儿
102730,闪电降价
102920,买车宝典
102933,皮皮四川麻将
102941,育儿宝
102954,城市岛屿3-模拟城市
102959,CNN
103037,100赚
103069,MX播放器
103143,小猪二手车
103560,Shazam音乐神搜
103754,穿越火线-枪战王者
103787,动动计步器
103805,Finger
103937,仙剑奇侠传
104080,少年西游记
104197,泡泡龙II
104231,PicsArt
104238,NBA
104291,头牌
104310,企鹅电竞
104322,同志交友 Jackd
104426,梦幻诛仙
104967,小米直播
105089,英雄大作战
105135,分答
105236,100tv视频播放器
105384,酷狗直播
105403,悟空TV
105596,见缝插针
105678,首汽约车
105694,上海链家
105730,映客直播
105795,泡泡龙亚特兰蒂斯
105803,GuitarTuna
105813,炮艇战3d直升机
105901,诛仙
105957,汤姆猫泡泡射手
105994,王者荣耀助手
105992,Opera Mini web 浏览器
106033,AfreecaTV在线视频
106241,iWeekly
106324,Google Play Store
106472,乐心运动
106588,蛋蛋赚
106612,糖果粉碎苏打传奇
106681,花椒直播
106955,去哪儿旅行
107028,BBC News
107058,守望先锋掌游宝
107182,火山直播
107220,雅思哥
107261,东方航空
107292,UberPartner
107349,热拉
107380,ME直播
107492,一起去SUV
107494,好看视频
107571,FIFA 15-终极队伍
107686,U掌柜
107896,CAJViewer 知网期刊论文阅读器
107943,天下
107989,相片组合 Photo Grid
108029,位智
108037,WhatsApp Messenge
108269,格格家
108327,城市岛屿2
108375,Google Play Games
108391,沃TV
108508,西瓜视频
108509,小小优酷
108516,瓜子二手车
108629,糖果联机
108652,中国日报
108764,沼泽派对
108885,神行车保
109272,Grindr交友
111654,书法字典辞典
111811,开饭喇
111932,TuneIn广播电台
113555,小米运动
115442,指划修图
115443,纵横小说
115449,个人图书馆
115453,联通手机营业厅
115450,闲来麻将
115454,糖豆广场舞
115456,纽扣助手
115462,未上锁的房间-昔日之罪
115459,晋江小说阅读
115461,黄历天气
115471,FM收音机
115476,移动旗舰店
115481,广东移动手机营业厅
115485,NOW-美女直播
115486,掌上TGP
115488,斐讯路由
115489,百度手机卫士
115499,疯狂动物园
115500,视吧
115502,米学家长
115507,招才猫直聘
115512,云南移动手机营业厅
115514,贪吃蛇大作战
115517,酷划锁屏
115519,点心桌面
115521,MOMI全民设计
115523,Google搜索
115529,网易1元购
115538,人物相机
115546,爱上钢琴Online
115553,GiWiFi手机助手
115550,和聚汇
115548,榴莲
115551,皇室战争
115555,重庆城
115557,摩拜单车
115560,最美自拍
115565,花生地铁WiFi
115562,汤姆猫跑酷
115569,在直播
115568,安徽移动
115572,91智能锁屏
115571,河南移动手机营业厅
115573,挣钱吧
115577,365日历万年历农历
115585,净化大师
115586,城市飞车-极盗车神
115591,纷享逍客
115590,鲁大师
115593,Gofun出行
115600,伙星
115603,兼客兼职
115605,免费小说阅读器
115609,WiFi挖掘机
115614,Kindle阅读
115616,绿色守护
115619,天气万年历
115620,神指计算器
115623,惠配通
115624,八闽生活
115621,GGBook看书小说
115627,爱吾游戏宝盒
115629,TXT免费全本电子书
115632,Faceu激萌
115633,Fotor
115636,淘小说
115638,16WiFi
115642,平安WiFi
115645,启信宝
115644,WiFi连接管理器
115646,豌豆荚 Smart 锁屏
115650,御龙在天
115647,趣头条
115648,2345网址导航浏览器
115652,算命八字星座解梦风水
115653,天天游戏中心
115655,肥猫比价
115658,极路由
115659,有品-picooc
115657,净网大师
115660,TapTap
115665,最美时光
115664,中维云视通监控软件
115663,天翼云
115666,免费小说大全
115669,小说阅读网
115668,江苏移动掌上营业厅
115667,Any.DO
115670,点睛锁屏
115673,号簿助手
115676,游戏蜂窝
115677,Nike+ Running
115681,超星移动图书馆
115682,U聊
115683,VSCO Cam
115686,畅WiFi
115689,北京移动手机营业厅
115693,哈你直播
115696,快看浏览器
115697,假装情侣
115702,集团彩云
115703,重庆移动手机营业厅
115705,腾讯充值
115706,企业微信
115709,360游戏大厅
115711,Chrome
115717,Nova桌面
115719,多多计算器
115718,安卓动态壁纸锁屏
115723,一直播
115722,雅虎天气
115727,交管12123
115735,Google Drive云端硬盘
115732,谷歌新闻和天气
115734,Holo启动器
115738,小书亭
115746,最美闹钟
115750,暴风体育
115748,联想网址导航
115763,ofo共享单车
115766,阴阳师
115799,AU直播
115805,58配配
115807,一键锁屏
115810,灵占八字算命
115812,微家园(教师版)
115829,美团众包
115833,美丽修行
115845,Power Clean
115862,玩吧
115875,G家
115882,台球大师
115885,酷市场-CoolMarket
115881,向日葵远程控制
115894,小影记
115898,微软必应
115901,超级手电筒
115907,熊猫驾信
115920,印象笔记-圈点
115926,维秀直播
115927,Hancom Office
115932,微信公众号助手
115929,伴读
115933,随笔记
115937,单手划划
115942,N多市场
115982,黎明之光
116005,劲舞团
116078,崩坏3
116089,不服
116091,闪聊
116129,墨瞳漫画
116178,12580和生活
116181,齐齐直播
116201,快更
116215,梦幻花园
116285,阿里众包
116323,AntiVirus FREE
116330,盒马
116370,快看免费小说
116374,小蓝单车
116382,梨视频
116380,如故
116416,讯飞E听说
116423,消灭星星(中文版)
116435,Soul
116470,奇秀直播
116477,WiFi钥匙大师
116484,看漫画
116539,凤凰会
116549,咪咕爱看
116569,小鸣单车
116578,夸克浏览器
116615,电e宝
116634,娱票儿票房分析
116640,在意空气
116666,街头篮球
116790,捕鱼来了
116802,酷漫漫画
116804,狼人杀
116857,VUE
116903,完美许可证管理
116928,花粉儿
116947,大唐无双
116963,家乐福
117097,CM桌面
117110,万能钥匙-WiFi
117111,CM Browser
117160,ex拨号
117240,TFBOYS小说大全
117262,相机
117347,学垃圾分类宝宝巴士
117351,时尚达人
117510,测网速
117521,易奇八字算命大师
117543,BeautyPlus
117582,考虫英语
117691,Hola锁屏
117696,轻文轻小说
117788,星座运势大师
117816,梦幻蝴蝶动态壁纸锁屏
117907,风水罗盘指南针
117989,优酷VR
117996,种子搜索浏览器
118032,CAD手机看图
118035,TV SideView
118053,猫咪后院
118058,幻影Pin
118111,琥珀天气
118296,模拟城市-建造
118335,壹深圳
118416,植物保姆
118441,热猫Remix
118439,剑侠世界
118466,X-plore
118533,华人日历万年历
118671,红包雨
118673,BeeTalk 蜜语
118674,雅管家
118752,全民千炮捕鱼
118794,算你狠全能计算器
118799,文件管家
118820,附近约
118848,易通万年历
118857,三星手电筒
118877,点心天气
118917,图虫
118924,辐射-庇护所
118972,抖音短视频
119095,醒醒
119097,宝宝职业认知
119308,射箭大师 3D
119320,究极数码世界
119390,大航海之路-雨林探险
119392,中国电信外勤助手
119583,流量云管家
119641,影之刃2
119664,网速测试大师
119679,狼人杀Online
119707,哈啰出行
119727,楚楚街精选
119793,消消乐海滨假日
119792,龙之谷
119790,镇魔曲
119832,Tiki
119921,乐视VR
119987,智联卓聘
119989,和留言
120036,周易生辰八字取名起名
120056,Quora
120130,碧桂园凤凰通
120136,屈臣氏中国
120224,佐拉购
120246,仙境传说RO
120244,米家有品
120274,疯狂贪吃蛇
120309,3G网络电话
120332,高清桌布
120343,光明大陆-3D魔幻大电影
120363,泡泡女巫2
120386,快视频
120391,Lazada
120421,王国纪元
120436,爱古兰
120464,快兔出行
120502,酷骑单车
120523,爆点资讯
120524,无他
120637,蚂蚁兼职
122336,欢乐狼人杀
122510,菱菱邦
123399,魅族应用中心
123401,天龙八部手游
123676,魂斗罗-归来
123879,车置宝二手车
124101,终结者2-审判日
124105,荒野行动
124113,光荣使命-使命行动
124139,绝地求生-全军出击
124140,和平精英
124142,QQ飞车手游
124143,乱世王者
124144,奇迹-觉醒
124147,悟空问答
124145,楚留香
124146,懂车帝
124148,波波视频
124149,美团打车
124153,择天记
124218,积目
125007,luckin coffee瑞幸咖啡
125033,亿邦
125270,微博动漫
125813,YY语音助理
125814,神马
125837,真龙霸业
125839,简单搜索
125838,寻仙手游
125836,决战！平安京
125840,大润发优鲜
125841,饭局狼人杀
125843,今日头条(极速版)
125845,MOCAR
125848,永远的7日之都
126302,FIFA足球世界
126696,第五人格
128297,子弹短信
128299,绝地求生-刺激战场(国际服)
128300,皮皮虾(极速版)
128435,老司机
129872,酷我聚星
132560,连尚读书
